tienda,sku,fecha,inicial,final
3,p100014,2022-11-01,147,92
3,p100014,2022-11-02,117,87
3,p100014,2022-11-03,85,113
3,p100014,2022-11-04,153,141
3,p100014,2022-11-05,139,122
3,p100014,2022-11-06,154,129
3,p100014,2022-11-07,160,159
3,p100014,2022-11-08,97,88
3,p100014,2022-11-09,113,121
3,p100014,2022-11-10,101,131
3,p100014,2022-11-11,124,132
3,p100014,2022-11-12,158,109
3,p100014,2022-11-13,99,140
3,p100014,2022-11-14,139,94
3,p100014,2022-11-15,81,122
3,p100014,2022-11-16,158,125
3,p100014,2022-11-17,87,135
3,p100014,2022-11-18,126,119
3,p100014,2022-11-19,129,150
3,p100014,2022-11-20,93,105
3,p100014,2022-11-21,89,125
3,p100014,2022-11-22,123,122
3,p100014,2022-11-23,159,106
3,p100014,2022-11-24,125,119
3,p100014,2022-11-25,129,99
3,p100014,2022-11-26,92,128
3,p100014,2022-11-27,133,108
3,p100014,2022-11-28,145,95
3,p100014,2022-11-29,99,134
3,p100014,2022-11-30,138,129
3,p100023,2022-11-01,151,114
3,p100023,2022-11-02,130,94
3,p100023,2022-11-03,153,103
3,p100023,2022-11-04,85,147
3,p100023,2022-11-05,129,148
3,p100023,2022-11-06,102,125
3,p100023,2022-11-07,137,159
3,p100023,2022-11-08,137,82
3,p100023,2022-11-09,140,102
3,p100023,2022-11-10,99,101
3,p100023,2022-11-11,92,106
3,p100023,2022-11-12,148,148
3,p100023,2022-11-13,104,155
3,p100023,2022-11-14,113,129
3,p100023,2022-11-15,158,154
3,p100023,2022-11-16,93,108
3,p100023,2022-11-17,128,112
3,p100023,2022-11-18,110,92
3,p100023,2022-11-19,90,153
3,p100023,2022-11-20,85,104
3,p100023,2022-11-21,153,115
3,p100023,2022-11-22,84,138
3,p100023,2022-11-23,86,87
3,p100023,2022-11-24,84,131
3,p100023,2022-11-25,103,151
3,p100023,2022-11-26,94,134
3,p100023,2022-11-27,148,152
3,p100023,2022-11-28,80,99
3,p100023,2022-11-29,107,123
3,p100023,2022-11-30,101,137
3,p100022,2022-11-01,159,135
3,p100022,2022-11-02,82,121
3,p100022,2022-11-03,142,141
3,p100022,2022-11-04,110,81
3,p100022,2022-11-05,87,118
3,p100022,2022-11-06,134,150
3,p100022,2022-11-07,141,137
3,p100022,2022-11-08,114,124
3,p100022,2022-11-09,121,118
3,p100022,2022-11-10,149,133
3,p100022,2022-11-11,119,103
3,p100022,2022-11-12,112,154
3,p100022,2022-11-13,92,119
3,p100022,2022-11-14,122,83
3,p100022,2022-11-15,137,113
3,p100022,2022-11-16,89,80
3,p100022,2022-11-17,131,121
3,p100022,2022-11-18,89,148
3,p100022,2022-11-19,87,122
3,p100022,2022-11-20,148,132
3,p100022,2022-11-21,144,109
3,p100022,2022-11-22,126,103
3,p100022,2022-11-23,116,111
3,p100022,2022-11-24,126,131
3,p100022,2022-11-25,104,125
3,p100022,2022-11-26,97,129
3,p100022,2022-11-27,137,128
3,p100022,2022-11-28,149,86
3,p100022,2022-11-29,133,85
3,p100022,2022-11-30,137,98
3,p100015,2022-11-01,122,137
3,p100015,2022-11-02,86,142
3,p100015,2022-11-03,123,158
3,p100015,2022-11-04,103,113
3,p100015,2022-11-05,100,137
3,p100015,2022-11-06,86,93
3,p100015,2022-11-07,94,128
3,p100015,2022-11-08,115,119
3,p100015,2022-11-09,126,96
3,p100015,2022-11-10,128,129
3,p100015,2022-11-11,160,138
3,p100015,2022-11-12,149,143
3,p100015,2022-11-13,138,152
3,p100015,2022-11-14,113,117
3,p100015,2022-11-15,158,83
3,p100015,2022-11-16,114,133
3,p100015,2022-11-17,81,150
3,p100015,2022-11-18,121,128
3,p100015,2022-11-19,81,134
3,p100015,2022-11-20,95,136
3,p100015,2022-11-21,109,143
3,p100015,2022-11-22,155,115
3,p100015,2022-11-23,98,104
3,p100015,2022-11-24,116,160
3,p100015,2022-11-25,93,94
3,p100015,2022-11-26,100,124
3,p100015,2022-11-27,142,93
3,p100015,2022-11-28,126,117
3,p100015,2022-11-29,93,84
3,p100015,2022-11-30,111,155
3,p200010,2022-11-01,122,141
3,p200010,2022-11-02,137,118
3,p200010,2022-11-03,134,124
3,p200010,2022-11-04,97,112
3,p200010,2022-11-05,98,133
3,p200010,2022-11-06,96,126
3,p200010,2022-11-07,90,104
3,p200010,2022-11-08,102,146
3,p200010,2022-11-09,94,149
3,p200010,2022-11-10,130,158
3,p200010,2022-11-11,123,120
3,p200010,2022-11-12,97,105
3,p200010,2022-11-13,149,91
3,p200010,2022-11-14,93,109
3,p200010,2022-11-15,93,127
3,p200010,2022-11-16,116,138
3,p200010,2022-11-17,153,159
3,p200010,2022-11-18,115,100
3,p200010,2022-11-19,92,86
3,p200010,2022-11-20,111,133
3,p200010,2022-11-21,110,94
3,p200010,2022-11-22,155,135
3,p200010,2022-11-23,127,140
3,p200010,2022-11-24,140,127
3,p200010,2022-11-25,124,110
3,p200010,2022-11-26,112,93
3,p200010,2022-11-27,154,122
3,p200010,2022-11-28,111,94
3,p200010,2022-11-29,89,87
3,p200010,2022-11-30,94,125
3,p200034,2022-11-01,131,101
3,p200034,2022-11-02,81,90
3,p200034,2022-11-03,86,151
3,p200034,2022-11-04,110,115
3,p200034,2022-11-05,122,120
3,p200034,2022-11-06,159,89
3,p200034,2022-11-07,114,135
3,p200034,2022-11-08,149,139
3,p200034,2022-11-09,122,116
3,p200034,2022-11-10,126,131
3,p200034,2022-11-11,97,142
3,p200034,2022-11-12,154,117
3,p200034,2022-11-13,150,95
3,p200034,2022-11-14,146,106
3,p200034,2022-11-15,126,93
3,p200034,2022-11-16,82,133
3,p200034,2022-11-17,136,152
3,p200034,2022-11-18,159,137
3,p200034,2022-11-19,90,156
3,p200034,2022-11-20,109,127
3,p200034,2022-11-21,100,91
3,p200034,2022-11-22,137,128
3,p200034,2022-11-23,156,121
3,p200034,2022-11-24,124,89
3,p200034,2022-11-25,124,149
3,p200034,2022-11-26,137,143
3,p200034,2022-11-27,110,97
3,p200034,2022-11-28,123,107
3,p200034,2022-11-29,115,128
3,p200034,2022-11-30,130,131
3,p200087,2022-11-01,100,117
3,p200087,2022-11-02,159,133
3,p200087,2022-11-03,139,138
3,p200087,2022-11-04,160,119
3,p200087,2022-11-05,152,122
3,p200087,2022-11-06,149,145
3,p200087,2022-11-07,112,137
3,p200087,2022-11-08,120,116
3,p200087,2022-11-09,123,120
3,p200087,2022-11-10,82,123
3,p200087,2022-11-11,143,142
3,p200087,2022-11-12,158,110
3,p200087,2022-11-13,127,102
3,p200087,2022-11-14,0,0
3,p200087,2022-11-15,0,0
3,p200087,2022-11-16,0,0
3,p200087,2022-11-17,0,0
3,p200087,2022-11-18,0,0
3,p200087,2022-11-19,0,0
3,p200087,2022-11-20,0,0
3,p200087,2022-11-21,0,0
3,p200087,2022-11-22,0,0
3,p200087,2022-11-23,0,0
3,p200087,2022-11-24,0,0
3,p200087,2022-11-25,0,0
3,p200087,2022-11-26,0,0
3,p200087,2022-11-27,0,0
3,p200087,2022-11-28,0,0
3,p200087,2022-11-29,0,0
3,p200087,2022-11-30,0,0
3,p200088,2022-11-01,81,138
3,p200088,2022-11-02,85,148
3,p200088,2022-11-03,102,119
3,p200088,2022-11-04,149,85
3,p200088,2022-11-05,146,84
3,p200088,2022-11-06,85,99
3,p200088,2022-11-07,118,128
3,p200088,2022-11-08,95,88
3,p200088,2022-11-09,84,81
3,p200088,2022-11-10,83,106
3,p200088,2022-11-11,160,84
3,p200088,2022-11-12,109,115
3,p200088,2022-11-13,151,140
3,p200088,2022-11-14,157,86
3,p200088,2022-11-15,125,126
3,p200088,2022-11-16,99,101
3,p200088,2022-11-17,115,95
3,p200088,2022-11-18,104,125
3,p200088,2022-11-19,142,135
3,p200088,2022-11-20,120,128
3,p200088,2022-11-21,105,118
3,p200088,2022-11-22,131,140
3,p200088,2022-11-23,106,84
3,p200088,2022-11-24,135,108
3,p200088,2022-11-25,128,158
3,p200088,2022-11-26,97,134
3,p200088,2022-11-27,129,85
3,p200088,2022-11-28,90,117
3,p200088,2022-11-29,92,107
3,p200088,2022-11-30,139,135
3,p200089,2022-11-01,140,100
3,p200089,2022-11-02,99,126
3,p200089,2022-11-03,152,108
3,p200089,2022-11-04,86,155
3,p200089,2022-11-05,135,155
3,p200089,2022-11-06,140,143
3,p200089,2022-11-07,154,94
3,p200089,2022-11-08,156,96
3,p200089,2022-11-09,103,108
3,p200089,2022-11-10,149,89
3,p200089,2022-11-11,105,153
3,p200089,2022-11-12,117,112
3,p200089,2022-11-13,152,113
3,p200089,2022-11-14,93,118
3,p200089,2022-11-15,135,84
3,p200089,2022-11-16,158,92
3,p200089,2022-11-17,146,91
3,p200089,2022-11-18,132,134
3,p200089,2022-11-19,135,101
3,p200089,2022-11-20,158,150
3,p200089,2022-11-21,148,116
3,p200089,2022-11-22,80,83
3,p200089,2022-11-23,114,141
3,p200089,2022-11-24,121,151
3,p200089,2022-11-25,100,93
3,p200089,2022-11-26,83,143
3,p200089,2022-11-27,104,159
3,p200089,2022-11-28,109,99
3,p200089,2022-11-29,111,137
3,p200089,2022-11-30,112,81
4,p100014,2022-11-01,99,94
4,p100014,2022-11-02,160,87
4,p100014,2022-11-03,121,135
4,p100014,2022-11-04,86,136
4,p100014,2022-11-05,91,83
4,p100014,2022-11-06,133,133
4,p100014,2022-11-07,101,124
4,p100014,2022-11-08,149,129
4,p100014,2022-11-09,91,118
4,p100014,2022-11-10,92,140
4,p100014,2022-11-11,89,108
4,p100014,2022-11-12,116,110
4,p100014,2022-11-13,88,134
4,p100014,2022-11-14,149,90
4,p100014,2022-11-15,114,93
4,p100014,2022-11-16,84,82
4,p100014,2022-11-17,129,104
4,p100014,2022-11-18,153,84
4,p100014,2022-11-19,122,125
4,p100014,2022-11-20,143,160
4,p100014,2022-11-21,150,84
4,p100014,2022-11-22,100,107
4,p100014,2022-11-23,113,138
4,p100014,2022-11-24,88,81
4,p100014,2022-11-25,86,112
4,p100014,2022-11-26,156,93
4,p100014,2022-11-27,97,142
4,p100014,2022-11-28,88,153
4,p100014,2022-11-29,114,125
4,p100014,2022-11-30,123,152
4,p100023,2022-11-01,117,100
4,p100023,2022-11-02,124,139
4,p100023,2022-11-03,160,119
4,p100023,2022-11-04,155,106
4,p100023,2022-11-05,147,105
4,p100023,2022-11-06,135,149
4,p100023,2022-11-07,109,159
4,p100023,2022-11-08,95,106
4,p100023,2022-11-09,113,123
4,p100023,2022-11-10,89,160
4,p100023,2022-11-11,99,90
4,p100023,2022-11-12,118,105
4,p100023,2022-11-13,94,116
4,p100023,2022-11-14,128,88
4,p100023,2022-11-15,111,108
4,p100023,2022-11-16,142,113
4,p100023,2022-11-17,131,110
4,p100023,2022-11-18,80,106
4,p100023,2022-11-19,151,91
4,p100023,2022-11-20,83,134
4,p100023,2022-11-21,136,137
4,p100023,2022-11-22,133,132
4,p100023,2022-11-23,138,102
4,p100023,2022-11-24,95,141
4,p100023,2022-11-25,115,141
4,p100023,2022-11-26,91,125
4,p100023,2022-11-27,131,123
4,p100023,2022-11-28,129,154
4,p100023,2022-11-29,140,138
4,p100023,2022-11-30,127,132
4,p100022,2022-11-01,100,123
4,p100022,2022-11-02,87,140
4,p100022,2022-11-03,141,84
4,p100022,2022-11-04,151,151
4,p100022,2022-11-05,134,101
4,p100022,2022-11-06,129,139
4,p100022,2022-11-07,153,94
4,p100022,2022-11-08,130,148
4,p100022,2022-11-09,146,138
4,p100022,2022-11-10,140,84
4,p100022,2022-11-11,81,93
4,p100022,2022-11-12,151,118
4,p100022,2022-11-13,105,86
4,p100022,2022-11-14,125,154
4,p100022,2022-11-15,160,127
4,p100022,2022-11-16,80,125
4,p100022,2022-11-17,141,93
4,p100022,2022-11-18,112,137
4,p100022,2022-11-19,121,89
4,p100022,2022-11-20,96,92
4,p100022,2022-11-21,153,115
4,p100022,2022-11-22,116,120
4,p100022,2022-11-23,133,148
4,p100022,2022-11-24,142,116
4,p100022,2022-11-25,128,93
4,p100022,2022-11-26,133,88
4,p100022,2022-11-27,136,137
4,p100022,2022-11-28,157,145
4,p100022,2022-11-29,90,92
4,p100022,2022-11-30,127,109
4,p100015,2022-11-01,127,81
4,p100015,2022-11-02,80,104
4,p100015,2022-11-03,146,115
4,p100015,2022-11-04,121,114
4,p100015,2022-11-05,94,99
4,p100015,2022-11-06,152,116
4,p100015,2022-11-07,92,95
4,p100015,2022-11-08,143,102
4,p100015,2022-11-09,142,133
4,p100015,2022-11-10,126,107
4,p100015,2022-11-11,139,110
4,p100015,2022-11-12,91,139
4,p100015,2022-11-13,114,98
4,p100015,2022-11-14,144,81
4,p100015,2022-11-15,133,160
4,p100015,2022-11-16,146,93
4,p100015,2022-11-17,116,131
4,p100015,2022-11-18,137,157
4,p100015,2022-11-19,160,106
4,p100015,2022-11-20,114,102
4,p100015,2022-11-21,110,137
4,p100015,2022-11-22,139,120
4,p100015,2022-11-23,123,85
4,p100015,2022-11-24,133,154
4,p100015,2022-11-25,118,100
4,p100015,2022-11-26,88,153
4,p100015,2022-11-27,117,98
4,p100015,2022-11-28,157,154
4,p100015,2022-11-29,113,132
4,p100015,2022-11-30,102,157
4,p200010,2022-11-01,140,134
4,p200010,2022-11-02,151,101
4,p200010,2022-11-03,113,96
4,p200010,2022-11-04,124,87
4,p200010,2022-11-05,93,80
4,p200010,2022-11-06,154,151
4,p200010,2022-11-07,124,117
4,p200010,2022-11-08,116,111
4,p200010,2022-11-09,152,87
4,p200010,2022-11-10,101,114
4,p200010,2022-11-11,119,137
4,p200010,2022-11-12,158,142
4,p200010,2022-11-13,146,150
4,p200010,2022-11-14,90,84
4,p200010,2022-11-15,137,135
4,p200010,2022-11-16,150,126
4,p200010,2022-11-17,90,125
4,p200010,2022-11-18,125,119
4,p200010,2022-11-19,102,122
4,p200010,2022-11-20,126,140
4,p200010,2022-11-21,81,104
4,p200010,2022-11-22,82,121
4,p200010,2022-11-23,110,98
4,p200010,2022-11-24,113,114
4,p200010,2022-11-25,129,158
4,p200010,2022-11-26,136,144
4,p200010,2022-11-27,140,93
4,p200010,2022-11-28,123,137
4,p200010,2022-11-29,160,100
4,p200010,2022-11-30,135,90
4,p200034,2022-11-01,92,154
4,p200034,2022-11-02,118,115
4,p200034,2022-11-03,144,154
4,p200034,2022-11-04,98,148
4,p200034,2022-11-05,152,93
4,p200034,2022-11-06,96,83
4,p200034,2022-11-07,146,160
4,p200034,2022-11-08,137,113
4,p200034,2022-11-09,149,89
4,p200034,2022-11-10,111,92
4,p200034,2022-11-11,85,130
4,p200034,2022-11-12,126,109
4,p200034,2022-11-13,112,108
4,p200034,2022-11-14,155,125
4,p200034,2022-11-15,90,130
4,p200034,2022-11-16,156,153
4,p200034,2022-11-17,96,128
4,p200034,2022-11-18,145,154
4,p200034,2022-11-19,118,159
4,p200034,2022-11-20,113,132
4,p200034,2022-11-21,135,124
4,p200034,2022-11-22,82,82
4,p200034,2022-11-23,155,91
4,p200034,2022-11-24,105,135
4,p200034,2022-11-25,112,96
4,p200034,2022-11-26,80,97
4,p200034,2022-11-27,138,121
4,p200034,2022-11-28,100,102
4,p200034,2022-11-29,121,151
4,p200034,2022-11-30,100,124
4,p200087,2022-11-01,89,118
4,p200087,2022-11-02,152,160
4,p200087,2022-11-03,158,131
4,p200087,2022-11-04,119,107
4,p200087,2022-11-05,136,93
4,p200087,2022-11-06,86,152
4,p200087,2022-11-07,83,159
4,p200087,2022-11-08,86,83
4,p200087,2022-11-09,126,94
4,p200087,2022-11-10,119,159
4,p200087,2022-11-11,130,131
4,p200087,2022-11-12,99,113
4,p200087,2022-11-13,156,98
4,p200087,2022-11-14,0,0
4,p200087,2022-11-15,0,0
4,p200087,2022-11-16,0,0
4,p200087,2022-11-17,0,0
4,p200087,2022-11-18,0,0
4,p200087,2022-11-19,0,0
4,p200087,2022-11-20,0,0
4,p200087,2022-11-21,0,0
4,p200087,2022-11-22,0,0
4,p200087,2022-11-23,0,0
4,p200087,2022-11-24,0,0
4,p200087,2022-11-25,0,0
4,p200087,2022-11-26,0,0
4,p200087,2022-11-27,0,0
4,p200087,2022-11-28,0,0
4,p200087,2022-11-29,0,0
4,p200087,2022-11-30,0,0
4,p200088,2022-11-01,119,93
4,p200088,2022-11-02,122,129
4,p200088,2022-11-03,115,125
4,p200088,2022-11-04,108,152
4,p200088,2022-11-05,158,133
4,p200088,2022-11-06,109,117
4,p200088,2022-11-07,133,103
4,p200088,2022-11-08,138,134
4,p200088,2022-11-09,124,139
4,p200088,2022-11-10,154,126
4,p200088,2022-11-11,106,120
4,p200088,2022-11-12,93,86
4,p200088,2022-11-13,146,126
4,p200088,2022-11-14,132,88
4,p200088,2022-11-15,134,145
4,p200088,2022-11-16,159,152
4,p200088,2022-11-17,153,103
4,p200088,2022-11-18,95,156
4,p200088,2022-11-19,91,98
4,p200088,2022-11-20,89,145
4,p200088,2022-11-21,106,83
4,p200088,2022-11-22,122,101
4,p200088,2022-11-23,91,149
4,p200088,2022-11-24,124,96
4,p200088,2022-11-25,92,100
4,p200088,2022-11-26,97,125
4,p200088,2022-11-27,96,89
4,p200088,2022-11-28,134,95
4,p200088,2022-11-29,138,125
4,p200088,2022-11-30,91,131
4,p200089,2022-11-01,85,147
4,p200089,2022-11-02,103,129
4,p200089,2022-11-03,84,96
4,p200089,2022-11-04,81,91
4,p200089,2022-11-05,91,156
4,p200089,2022-11-06,93,95
4,p200089,2022-11-07,125,109
4,p200089,2022-11-08,83,128
4,p200089,2022-11-09,126,112
4,p200089,2022-11-10,120,83
4,p200089,2022-11-11,96,109
4,p200089,2022-11-12,132,94
4,p200089,2022-11-13,119,111
4,p200089,2022-11-14,153,147
4,p200089,2022-11-15,150,134
4,p200089,2022-11-16,100,127
4,p200089,2022-11-17,146,116
4,p200089,2022-11-18,120,138
4,p200089,2022-11-19,153,103
4,p200089,2022-11-20,160,104
4,p200089,2022-11-21,117,137
4,p200089,2022-11-22,83,107
4,p200089,2022-11-23,80,116
4,p200089,2022-11-24,156,109
4,p200089,2022-11-25,125,99
4,p200089,2022-11-26,138,100
4,p200089,2022-11-27,159,146
4,p200089,2022-11-28,108,89
4,p200089,2022-11-29,115,127
4,p200089,2022-11-30,117,149
5,p100014,2022-11-01,140,133
5,p100014,2022-11-02,105,105
5,p100014,2022-11-03,116,118
5,p100014,2022-11-04,129,102
5,p100014,2022-11-05,93,160
5,p100014,2022-11-06,144,108
5,p100014,2022-11-07,105,104
5,p100014,2022-11-08,156,97
5,p100014,2022-11-09,144,148
5,p100014,2022-11-10,88,130
5,p100014,2022-11-11,94,158
5,p100014,2022-11-12,128,98
5,p100014,2022-11-13,82,80
5,p100014,2022-11-14,129,106
5,p100014,2022-11-15,156,139
5,p100014,2022-11-16,100,82
5,p100014,2022-11-17,92,112
5,p100014,2022-11-18,155,146
5,p100014,2022-11-19,140,87
5,p100014,2022-11-20,158,143
5,p100014,2022-11-21,142,141
5,p100014,2022-11-22,95,113
5,p100014,2022-11-23,108,145
5,p100014,2022-11-24,142,96
5,p100014,2022-11-25,133,85
5,p100014,2022-11-26,96,80
5,p100014,2022-11-27,147,101
5,p100014,2022-11-28,136,139
5,p100014,2022-11-29,97,132
5,p100014,2022-11-30,118,83
5,p100023,2022-11-01,104,117
5,p100023,2022-11-02,93,102
5,p100023,2022-11-03,100,108
5,p100023,2022-11-04,117,151
5,p100023,2022-11-05,154,98
5,p100023,2022-11-06,89,128
5,p100023,2022-11-07,154,99
5,p100023,2022-11-08,121,95
5,p100023,2022-11-09,132,102
5,p100023,2022-11-10,154,121
5,p100023,2022-11-11,147,155
5,p100023,2022-11-12,109,93
5,p100023,2022-11-13,120,128
5,p100023,2022-11-14,104,92
5,p100023,2022-11-15,107,109
5,p100023,2022-11-16,148,119
5,p100023,2022-11-17,94,100
5,p100023,2022-11-18,146,134
5,p100023,2022-11-19,81,110
5,p100023,2022-11-20,122,105
5,p100023,2022-11-21,136,99
5,p100023,2022-11-22,122,133
5,p100023,2022-11-23,90,131
5,p100023,2022-11-24,149,113
5,p100023,2022-11-25,97,109
5,p100023,2022-11-26,136,122
5,p100023,2022-11-27,136,119
5,p100023,2022-11-28,89,115
5,p100023,2022-11-29,86,108
5,p100023,2022-11-30,158,117
5,p100022,2022-11-01,106,111
5,p100022,2022-11-02,101,110
5,p100022,2022-11-03,89,156
5,p100022,2022-11-04,87,152
5,p100022,2022-11-05,136,114
5,p100022,2022-11-06,156,147
5,p100022,2022-11-07,121,92
5,p100022,2022-11-08,138,101
5,p100022,2022-11-09,157,124
5,p100022,2022-11-10,102,104
5,p100022,2022-11-11,103,86
5,p100022,2022-11-12,122,143
5,p100022,2022-11-13,130,87
5,p100022,2022-11-14,86,126
5,p100022,2022-11-15,95,151
5,p100022,2022-11-16,135,106
5,p100022,2022-11-17,88,83
5,p100022,2022-11-18,97,95
5,p100022,2022-11-19,111,120
5,p100022,2022-11-20,134,118
5,p100022,2022-11-21,138,130
5,p100022,2022-11-22,142,88
5,p100022,2022-11-23,121,91
5,p100022,2022-11-24,80,99
5,p100022,2022-11-25,140,134
5,p100022,2022-11-26,132,158
5,p100022,2022-11-27,87,121
5,p100022,2022-11-28,126,93
5,p100022,2022-11-29,122,83
5,p100022,2022-11-30,146,139
5,p100015,2022-11-01,83,83
5,p100015,2022-11-02,158,86
5,p100015,2022-11-03,145,116
5,p100015,2022-11-04,94,99
5,p100015,2022-11-05,101,93
5,p100015,2022-11-06,121,102
5,p100015,2022-11-07,117,91
5,p100015,2022-11-08,138,116
5,p100015,2022-11-09,157,130
5,p100015,2022-11-10,131,92
5,p100015,2022-11-11,83,89
5,p100015,2022-11-12,132,81
5,p100015,2022-11-13,119,137
5,p100015,2022-11-14,117,116
5,p100015,2022-11-15,132,112
5,p100015,2022-11-16,120,119
5,p100015,2022-11-17,144,121
5,p100015,2022-11-18,131,135
5,p100015,2022-11-19,157,80
5,p100015,2022-11-20,92,112
5,p100015,2022-11-21,124,148
5,p100015,2022-11-22,96,158
5,p100015,2022-11-23,132,119
5,p100015,2022-11-24,129,132
5,p100015,2022-11-25,94,131
5,p100015,2022-11-26,142,151
5,p100015,2022-11-27,154,135
5,p100015,2022-11-28,109,152
5,p100015,2022-11-29,156,118
5,p100015,2022-11-30,96,90
5,p200010,2022-11-01,80,112
5,p200010,2022-11-02,142,89
5,p200010,2022-11-03,158,139
5,p200010,2022-11-04,126,126
5,p200010,2022-11-05,143,82
5,p200010,2022-11-06,155,142
5,p200010,2022-11-07,143,146
5,p200010,2022-11-08,97,138
5,p200010,2022-11-09,124,132
5,p200010,2022-11-10,104,114
5,p200010,2022-11-11,159,143
5,p200010,2022-11-12,137,95
5,p200010,2022-11-13,87,124
5,p200010,2022-11-14,156,127
5,p200010,2022-11-15,122,109
5,p200010,2022-11-16,91,136
5,p200010,2022-11-17,86,150
5,p200010,2022-11-18,112,147
5,p200010,2022-11-19,105,128
5,p200010,2022-11-20,84,133
5,p200010,2022-11-21,121,97
5,p200010,2022-11-22,146,157
5,p200010,2022-11-23,121,141
5,p200010,2022-11-24,102,139
5,p200010,2022-11-25,139,130
5,p200010,2022-11-26,129,85
5,p200010,2022-11-27,139,110
5,p200010,2022-11-28,149,144
5,p200010,2022-11-29,159,85
5,p200010,2022-11-30,156,80
5,p200034,2022-11-01,92,129
5,p200034,2022-11-02,114,86
5,p200034,2022-11-03,96,120
5,p200034,2022-11-04,87,116
5,p200034,2022-11-05,145,134
5,p200034,2022-11-06,88,159
5,p200034,2022-11-07,155,107
5,p200034,2022-11-08,94,101
5,p200034,2022-11-09,100,81
5,p200034,2022-11-10,104,93
5,p200034,2022-11-11,136,140
5,p200034,2022-11-12,141,135
5,p200034,2022-11-13,140,107
5,p200034,2022-11-14,93,107
5,p200034,2022-11-15,109,157
5,p200034,2022-11-16,140,137
5,p200034,2022-11-17,148,93
5,p200034,2022-11-18,94,131
5,p200034,2022-11-19,90,155
5,p200034,2022-11-20,90,151
5,p200034,2022-11-21,82,104
5,p200034,2022-11-22,113,131
5,p200034,2022-11-23,144,127
5,p200034,2022-11-24,109,119
5,p200034,2022-11-25,125,103
5,p200034,2022-11-26,136,149
5,p200034,2022-11-27,85,113
5,p200034,2022-11-28,138,130
5,p200034,2022-11-29,112,94
5,p200034,2022-11-30,95,143
5,p200087,2022-11-01,96,122
5,p200087,2022-11-02,126,105
5,p200087,2022-11-03,105,142
5,p200087,2022-11-04,108,95
5,p200087,2022-11-05,110,136
5,p200087,2022-11-06,91,84
5,p200087,2022-11-07,136,92
5,p200087,2022-11-08,110,111
5,p200087,2022-11-09,128,100
5,p200087,2022-11-10,119,133
5,p200087,2022-11-11,147,115
5,p200087,2022-11-12,93,108
5,p200087,2022-11-13,130,141
5,p200087,2022-11-14,0,0
5,p200087,2022-11-15,0,0
5,p200087,2022-11-16,0,0
5,p200087,2022-11-17,0,0
5,p200087,2022-11-18,0,0
5,p200087,2022-11-19,0,0
5,p200087,2022-11-20,0,0
5,p200087,2022-11-21,0,0
5,p200087,2022-11-22,0,0
5,p200087,2022-11-23,0,0
5,p200087,2022-11-24,0,0
5,p200087,2022-11-25,0,0
5,p200087,2022-11-26,0,0
5,p200087,2022-11-27,0,0
5,p200087,2022-11-28,0,0
5,p200087,2022-11-29,0,0
5,p200087,2022-11-30,0,0
5,p200088,2022-11-01,119,99
5,p200088,2022-11-02,133,121
5,p200088,2022-11-03,152,140
5,p200088,2022-11-04,109,144
5,p200088,2022-11-05,101,138
5,p200088,2022-11-06,87,104
5,p200088,2022-11-07,141,126
5,p200088,2022-11-08,94,105
5,p200088,2022-11-09,140,108
5,p200088,2022-11-10,134,85
5,p200088,2022-11-11,117,144
5,p200088,2022-11-12,89,109
5,p200088,2022-11-13,113,83
5,p200088,2022-11-14,147,115
5,p200088,2022-11-15,144,140
5,p200088,2022-11-16,121,132
5,p200088,2022-11-17,112,86
5,p200088,2022-11-18,138,140
5,p200088,2022-11-19,85,149
5,p200088,2022-11-20,82,121
5,p200088,2022-11-21,105,89
5,p200088,2022-11-22,149,115
5,p200088,2022-11-23,97,128
5,p200088,2022-11-24,91,131
5,p200088,2022-11-25,139,98
5,p200088,2022-11-26,159,129
5,p200088,2022-11-27,88,140
5,p200088,2022-11-28,84,156
5,p200088,2022-11-29,98,123
5,p200088,2022-11-30,137,124
5,p200089,2022-11-01,93,147
5,p200089,2022-11-02,148,106
5,p200089,2022-11-03,141,146
5,p200089,2022-11-04,159,113
5,p200089,2022-11-05,88,85
5,p200089,2022-11-06,102,81
5,p200089,2022-11-07,104,90
5,p200089,2022-11-08,91,122
5,p200089,2022-11-09,132,86
5,p200089,2022-11-10,118,156
5,p200089,2022-11-11,157,134
5,p200089,2022-11-12,138,84
5,p200089,2022-11-13,105,138
5,p200089,2022-11-14,111,128
5,p200089,2022-11-15,104,100
5,p200089,2022-11-16,90,155
5,p200089,2022-11-17,104,105
5,p200089,2022-11-18,131,121
5,p200089,2022-11-19,105,158
5,p200089,2022-11-20,117,154
5,p200089,2022-11-21,124,158
5,p200089,2022-11-22,90,149
5,p200089,2022-11-23,133,109
5,p200089,2022-11-24,128,121
5,p200089,2022-11-25,143,90
5,p200089,2022-11-26,115,121
5,p200089,2022-11-27,160,81
5,p200089,2022-11-28,100,129
5,p200089,2022-11-29,100,88
5,p200089,2022-11-30,121,104
9,p100014,2022-11-01,115,153
9,p100014,2022-11-02,80,95
9,p100014,2022-11-03,104,89
9,p100014,2022-11-04,111,84
9,p100014,2022-11-05,136,127
9,p100014,2022-11-06,80,95
9,p100014,2022-11-07,150,83
9,p100014,2022-11-08,130,95
9,p100014,2022-11-09,102,117
9,p100014,2022-11-10,147,94
9,p100014,2022-11-11,154,138
9,p100014,2022-11-12,91,130
9,p100014,2022-11-13,114,137
9,p100014,2022-11-14,147,84
9,p100014,2022-11-15,151,98
9,p100014,2022-11-16,95,151
9,p100014,2022-11-17,110,138
9,p100014,2022-11-18,124,100
9,p100014,2022-11-19,139,106
9,p100014,2022-11-20,140,120
9,p100014,2022-11-21,103,132
9,p100014,2022-11-22,144,94
9,p100014,2022-11-23,93,147
9,p100014,2022-11-24,109,159
9,p100014,2022-11-25,81,116
9,p100014,2022-11-26,135,83
9,p100014,2022-11-27,83,91
9,p100014,2022-11-28,122,111
9,p100014,2022-11-29,132,117
9,p100014,2022-11-30,100,82
9,p100023,2022-11-01,111,88
9,p100023,2022-11-02,93,98
9,p100023,2022-11-03,98,149
9,p100023,2022-11-04,158,80
9,p100023,2022-11-05,92,128
9,p100023,2022-11-06,137,141
9,p100023,2022-11-07,126,117
9,p100023,2022-11-08,132,139
9,p100023,2022-11-09,146,86
9,p100023,2022-11-10,140,133
9,p100023,2022-11-11,128,143
9,p100023,2022-11-12,146,109
9,p100023,2022-11-13,114,153
9,p100023,2022-11-14,122,160
9,p100023,2022-11-15,123,120
9,p100023,2022-11-16,103,82
9,p100023,2022-11-17,132,117
9,p100023,2022-11-18,116,96
9,p100023,2022-11-19,108,138
9,p100023,2022-11-20,123,97
9,p100023,2022-11-21,123,100
9,p100023,2022-11-22,104,111
9,p100023,2022-11-23,140,130
9,p100023,2022-11-24,113,101
9,p100023,2022-11-25,126,88
9,p100023,2022-11-26,82,80
9,p100023,2022-11-27,94,129
9,p100023,2022-11-28,82,126
9,p100023,2022-11-29,112,135
9,p100023,2022-11-30,147,124
9,p100022,2022-11-01,123,149
9,p100022,2022-11-02,138,115
9,p100022,2022-11-03,124,105
9,p100022,2022-11-04,151,83
9,p100022,2022-11-05,109,142
9,p100022,2022-11-06,147,85
9,p100022,2022-11-07,155,132
9,p100022,2022-11-08,84,143
9,p100022,2022-11-09,151,80
9,p100022,2022-11-10,87,147
9,p100022,2022-11-11,130,94
9,p100022,2022-11-12,154,137
9,p100022,2022-11-13,104,133
9,p100022,2022-11-14,154,126
9,p100022,2022-11-15,134,141
9,p100022,2022-11-16,139,108
9,p100022,2022-11-17,130,139
9,p100022,2022-11-18,93,93
9,p100022,2022-11-19,118,124
9,p100022,2022-11-20,113,134
9,p100022,2022-11-21,120,90
9,p100022,2022-11-22,115,157
9,p100022,2022-11-23,84,103
9,p100022,2022-11-24,150,159
9,p100022,2022-11-25,105,106
9,p100022,2022-11-26,84,154
9,p100022,2022-11-27,87,94
9,p100022,2022-11-28,95,159
9,p100022,2022-11-29,117,108
9,p100022,2022-11-30,108,132
9,p100015,2022-11-01,135,113
9,p100015,2022-11-02,134,143
9,p100015,2022-11-03,130,148
9,p100015,2022-11-04,108,109
9,p100015,2022-11-05,117,108
9,p100015,2022-11-06,133,107
9,p100015,2022-11-07,94,141
9,p100015,2022-11-08,142,159
9,p100015,2022-11-09,87,93
9,p100015,2022-11-10,141,116
9,p100015,2022-11-11,130,140
9,p100015,2022-11-12,84,132
9,p100015,2022-11-13,123,88
9,p100015,2022-11-14,144,153
9,p100015,2022-11-15,89,122
9,p100015,2022-11-16,98,96
9,p100015,2022-11-17,128,146
9,p100015,2022-11-18,137,128
9,p100015,2022-11-19,124,157
9,p100015,2022-11-20,112,134
9,p100015,2022-11-21,127,123
9,p100015,2022-11-22,88,96
9,p100015,2022-11-23,156,117
9,p100015,2022-11-24,114,135
9,p100015,2022-11-25,118,147
9,p100015,2022-11-26,156,112
9,p100015,2022-11-27,144,85
9,p100015,2022-11-28,107,146
9,p100015,2022-11-29,148,83
9,p100015,2022-11-30,152,149
9,p200010,2022-11-01,105,112
9,p200010,2022-11-02,81,160
9,p200010,2022-11-03,112,154
9,p200010,2022-11-04,151,156
9,p200010,2022-11-05,95,100
9,p200010,2022-11-06,114,132
9,p200010,2022-11-07,83,125
9,p200010,2022-11-08,134,103
9,p200010,2022-11-09,119,109
9,p200010,2022-11-10,124,112
9,p200010,2022-11-11,153,135
9,p200010,2022-11-12,141,87
9,p200010,2022-11-13,156,150
9,p200010,2022-11-14,110,99
9,p200010,2022-11-15,92,150
9,p200010,2022-11-16,114,131
9,p200010,2022-11-17,134,94
9,p200010,2022-11-18,131,109
9,p200010,2022-11-19,117,146
9,p200010,2022-11-20,114,125
9,p200010,2022-11-21,134,80
9,p200010,2022-11-22,93,135
9,p200010,2022-11-23,121,138
9,p200010,2022-11-24,156,110
9,p200010,2022-11-25,97,102
9,p200010,2022-11-26,147,153
9,p200010,2022-11-27,93,85
9,p200010,2022-11-28,84,135
9,p200010,2022-11-29,109,107
9,p200010,2022-11-30,157,154
9,p200034,2022-11-01,94,112
9,p200034,2022-11-02,133,135
9,p200034,2022-11-03,92,147
9,p200034,2022-11-04,86,151
9,p200034,2022-11-05,106,93
9,p200034,2022-11-06,140,154
9,p200034,2022-11-07,113,88
9,p200034,2022-11-08,154,82
9,p200034,2022-11-09,88,147
9,p200034,2022-11-10,128,97
9,p200034,2022-11-11,142,123
9,p200034,2022-11-12,115,138
9,p200034,2022-11-13,112,126
9,p200034,2022-11-14,102,91
9,p200034,2022-11-15,157,84
9,p200034,2022-11-16,139,125
9,p200034,2022-11-17,120,113
9,p200034,2022-11-18,101,160
9,p200034,2022-11-19,81,126
9,p200034,2022-11-20,115,156
9,p200034,2022-11-21,81,153
9,p200034,2022-11-22,118,115
9,p200034,2022-11-23,156,138
9,p200034,2022-11-24,120,118
9,p200034,2022-11-25,127,92
9,p200034,2022-11-26,138,133
9,p200034,2022-11-27,88,138
9,p200034,2022-11-28,128,134
9,p200034,2022-11-29,89,80
9,p200034,2022-11-30,87,125
9,p200087,2022-11-01,85,105
9,p200087,2022-11-02,88,154
9,p200087,2022-11-03,108,157
9,p200087,2022-11-04,100,88
9,p200087,2022-11-05,126,119
9,p200087,2022-11-06,128,150
9,p200087,2022-11-07,110,100
9,p200087,2022-11-08,88,132
9,p200087,2022-11-09,92,80
9,p200087,2022-11-10,127,156
9,p200087,2022-11-11,106,146
9,p200087,2022-11-12,91,103
9,p200087,2022-11-13,128,148
9,p200087,2022-11-14,0,0
9,p200087,2022-11-15,0,0
9,p200087,2022-11-16,0,0
9,p200087,2022-11-17,0,0
9,p200087,2022-11-18,0,0
9,p200087,2022-11-19,0,0
9,p200087,2022-11-20,0,0
9,p200087,2022-11-21,0,0
9,p200087,2022-11-22,0,0
9,p200087,2022-11-23,0,0
9,p200087,2022-11-24,0,0
9,p200087,2022-11-25,0,0
9,p200087,2022-11-26,0,0
9,p200087,2022-11-27,0,0
9,p200087,2022-11-28,0,0
9,p200087,2022-11-29,0,0
9,p200087,2022-11-30,0,0
9,p200088,2022-11-01,87,99
9,p200088,2022-11-02,137,105
9,p200088,2022-11-03,131,102
9,p200088,2022-11-04,129,132
9,p200088,2022-11-05,121,128
9,p200088,2022-11-06,127,112
9,p200088,2022-11-07,147,107
9,p200088,2022-11-08,150,158
9,p200088,2022-11-09,152,129
9,p200088,2022-11-10,154,96
9,p200088,2022-11-11,122,105
9,p200088,2022-11-12,149,108
9,p200088,2022-11-13,152,117
9,p200088,2022-11-14,114,112
9,p200088,2022-11-15,140,118
9,p200088,2022-11-16,114,92
9,p200088,2022-11-17,101,152
9,p200088,2022-11-18,125,80
9,p200088,2022-11-19,123,139
9,p200088,2022-11-20,125,126
9,p200088,2022-11-21,84,138
9,p200088,2022-11-22,160,146
9,p200088,2022-11-23,84,124
9,p200088,2022-11-24,134,160
9,p200088,2022-11-25,134,155
9,p200088,2022-11-26,115,148
9,p200088,2022-11-27,127,119
9,p200088,2022-11-28,134,101
9,p200088,2022-11-29,127,124
9,p200088,2022-11-30,103,125
9,p200089,2022-11-01,131,138
9,p200089,2022-11-02,160,132
9,p200089,2022-11-03,129,150
9,p200089,2022-11-04,96,122
9,p200089,2022-11-05,150,158
9,p200089,2022-11-06,152,157
9,p200089,2022-11-07,111,91
9,p200089,2022-11-08,110,95
9,p200089,2022-11-09,94,97
9,p200089,2022-11-10,137,159
9,p200089,2022-11-11,139,137
9,p200089,2022-11-12,80,118
9,p200089,2022-11-13,104,157
9,p200089,2022-11-14,102,98
9,p200089,2022-11-15,87,133
9,p200089,2022-11-16,133,154
9,p200089,2022-11-17,97,159
9,p200089,2022-11-18,126,137
9,p200089,2022-11-19,80,143
9,p200089,2022-11-20,82,126
9,p200089,2022-11-21,93,106
9,p200089,2022-11-22,86,145
9,p200089,2022-11-23,86,97
9,p200089,2022-11-24,103,149
9,p200089,2022-11-25,140,137
9,p200089,2022-11-26,160,134
9,p200089,2022-11-27,108,111
9,p200089,2022-11-28,102,83
9,p200089,2022-11-29,101,126
9,p200089,2022-11-30,141,110
1,p300001,2022-11-01,31,38
1,p300001,2022-11-02,52,37
1,p300001,2022-11-03,42,59
1,p300001,2022-11-04,40,53
1,p300001,2022-11-05,55,27
1,p300001,2022-11-06,38,59
1,p300001,2022-11-07,33,41
1,p300001,2022-11-08,56,38
1,p300001,2022-11-09,39,23
1,p300001,2022-11-10,32,25
1,p300001,2022-11-11,49,32
1,p300001,2022-11-12,50,54
1,p300001,2022-11-13,37,45
1,p300001,2022-11-14,43,25
1,p300001,2022-11-15,44,44
1,p300001,2022-11-16,38,52
1,p300001,2022-11-17,39,37
1,p300001,2022-11-18,53,57
1,p300001,2022-11-19,40,39
1,p300001,2022-11-20,30,43
1,p300001,2022-11-21,35,21
1,p300001,2022-11-22,51,21
1,p300001,2022-11-23,47,46
1,p300001,2022-11-24,44,28
1,p300001,2022-11-25,41,53
1,p300001,2022-11-26,23,52
1,p300001,2022-11-27,54,29
1,p300001,2022-11-28,44,47
1,p300001,2022-11-29,49,54
1,p300001,2022-11-30,29,46
1,p300002,2022-11-02,27,20
1,p300002,2022-11-03,57,51
1,p300002,2022-11-04,21,41
1,p300002,2022-11-05,41,49
1,p300002,2022-11-06,24,24
1,p300002,2022-11-07,47,29
1,p300002,2022-11-08,43,22
1,p300002,2022-11-09,38,22
1,p300002,2022-11-10,56,35
1,p300002,2022-11-11,25,49
1,p300002,2022-11-12,59,32
1,p300002,2022-11-13,27,41
1,p300002,2022-11-14,49,37
1,p300002,2022-11-15,38,28
1,p300002,2022-11-16,32,28
1,p300002,2022-11-17,31,59
1,p300002,2022-11-18,23,56
1,p300002,2022-11-19,22,53
1,p300002,2022-11-20,53,56
1,p300002,2022-11-21,25,45
1,p300002,2022-11-22,59,37
1,p300002,2022-11-23,23,54
1,p300002,2022-11-24,36,57
1,p300002,2022-11-25,23,54
1,p300002,2022-11-26,47,26
1,p300002,2022-11-27,58,39
1,p300002,2022-11-28,30,30
1,p300002,2022-11-29,39,53
1,p300002,2022-11-30,59,20
1,p300003,2022-11-01,42,46
1,p300003,2022-11-02,21,35
1,p300003,2022-11-03,32,30
1,p300003,2022-11-04,57,35
1,p300003,2022-11-05,25,32
1,p300003,2022-11-06,34,56
1,p300003,2022-11-07,43,32
1,p300003,2022-11-08,53,45
1,p300003,2022-11-09,56,34
1,p300003,2022-11-10,48,23
1,p300003,2022-11-11,37,37
1,p300003,2022-11-12,28,44
1,p300003,2022-11-13,51,57
1,p300003,2022-11-14,22,59
1,p300003,2022-11-15,23,53
1,p300003,2022-11-16,23,38
1,p300003,2022-11-17,25,60
1,p300003,2022-11-18,39,39
1,p300003,2022-11-19,41,32
1,p300003,2022-11-20,24,55
1,p300003,2022-11-21,20,51
1,p300003,2022-11-22,55,20
1,p300003,2022-11-23,21,31
1,p300003,2022-11-24,32,49
1,p300003,2022-11-25,21,29
1,p300003,2022-11-26,28,44
1,p300003,2022-11-27,38,46
1,p300003,2022-11-28,32,59
1,p300003,2022-11-29,59,50
1,p300003,2022-11-30,29,26
1,p300004,2022-11-01,20,49
1,p300004,2022-11-02,36,48
1,p300004,2022-11-03,38,31
1,p300004,2022-11-04,55,56
1,p300004,2022-11-05,25,43
1,p300004,2022-11-06,40,46
1,p300004,2022-11-07,31,48
1,p300004,2022-11-08,32,37
1,p300004,2022-11-09,26,29
1,p300004,2022-11-10,51,24
1,p300004,2022-11-11,60,25
1,p300004,2022-11-12,40,45
1,p300004,2022-11-13,38,25
1,p300004,2022-11-14,39,51
1,p300004,2022-11-15,21,55
1,p300004,2022-11-16,36,43
1,p300004,2022-11-17,39,59
1,p300004,2022-11-18,48,45
1,p300004,2022-11-19,28,28
1,p300004,2022-11-20,33,40
1,p300004,2022-11-21,58,41
1,p300004,2022-11-22,45,53
1,p300004,2022-11-23,45,31
1,p300004,2022-11-24,56,31
1,p300004,2022-11-25,22,52
1,p300004,2022-11-26,32,53
1,p300004,2022-11-27,41,24
1,p300004,2022-11-28,56,50
1,p300004,2022-11-29,58,60
1,p300004,2022-11-30,42,39
1,p300005,2022-11-01,38,37
1,p300005,2022-11-02,36,50
1,p300005,2022-11-03,42,59
1,p300005,2022-11-04,21,50
1,p300005,2022-11-05,37,43
1,p300005,2022-11-06,34,39
1,p300005,2022-11-07,25,39
1,p300005,2022-11-08,25,45
1,p300005,2022-11-09,58,39
1,p300005,2022-11-10,56,34
1,p300005,2022-11-11,35,56
1,p300005,2022-11-12,55,21
1,p300005,2022-11-13,21,49
1,p300005,2022-11-14,28,27
1,p300005,2022-11-15,48,59
1,p300005,2022-11-16,33,32
1,p300005,2022-11-17,53,40
1,p300005,2022-11-18,49,34
1,p300005,2022-11-19,51,55
1,p300005,2022-11-20,22,26
1,p300005,2022-11-21,52,54
1,p300005,2022-11-22,33,46
1,p300005,2022-11-23,34,46
1,p300005,2022-11-24,35,25
1,p300005,2022-11-25,59,55
1,p300005,2022-11-26,50,58
1,p300005,2022-11-27,23,37
1,p300005,2022-11-28,44,31
1,p300005,2022-11-29,51,54
1,p300005,2022-11-30,48,46
1,p300006,2022-11-01,53,34
1,p300006,2022-11-02,50,26
1,p300006,2022-11-03,33,20
1,p300006,2022-11-04,26,52
1,p300006,2022-11-05,27,47
1,p300006,2022-11-06,46,46
1,p300006,2022-11-07,30,45
1,p300006,2022-11-08,41,34
1,p300006,2022-11-09,21,36
1,p300006,2022-11-10,54,38
1,p300006,2022-11-11,38,30
1,p300006,2022-11-12,43,53
1,p300006,2022-11-13,24,42
1,p300006,2022-11-14,33,56
1,p300006,2022-11-15,33,33
1,p300006,2022-11-16,45,25
1,p300006,2022-11-17,45,27
1,p300006,2022-11-18,20,51
1,p300006,2022-11-19,41,30
1,p300006,2022-11-20,45,43
1,p300006,2022-11-21,60,31
1,p300006,2022-11-22,22,26
1,p300006,2022-11-23,36,29
1,p300006,2022-11-24,20,60
1,p300006,2022-11-25,55,32
1,p300006,2022-11-26,44,52
1,p300006,2022-11-27,50,47
1,p300006,2022-11-28,60,34
1,p300006,2022-11-29,59,25
1,p300006,2022-11-30,59,31
1,p300007,2022-11-01,36,33
1,p300007,2022-11-02,29,36
1,p300007,2022-11-03,45,37
1,p300007,2022-11-04,35,47
1,p300007,2022-11-05,33,39
1,p300007,2022-11-06,49,47
1,p300007,2022-11-07,52,27
1,p300007,2022-11-08,31,35
1,p300007,2022-11-09,51,32
1,p300007,2022-11-10,20,57
1,p300007,2022-11-11,44,53
1,p300007,2022-11-12,53,47
1,p300007,2022-11-13,29,31
1,p300007,2022-11-14,26,59
1,p300007,2022-11-15,23,23
1,p300007,2022-11-16,40,34
1,p300007,2022-11-17,42,39
1,p300007,2022-11-18,25,39
1,p300007,2022-11-19,42,32
1,p300007,2022-11-20,52,48
1,p300007,2022-11-21,33,25
1,p300007,2022-11-22,54,44
1,p300007,2022-11-23,46,52
1,p300007,2022-11-24,22,46
1,p300007,2022-11-25,23,36
1,p300007,2022-11-26,33,21
1,p300007,2022-11-27,26,21
1,p300007,2022-11-28,40,48
1,p300007,2022-11-29,21,50
1,p300007,2022-11-30,35,39
1,p300008,2022-11-01,28,48
1,p300008,2022-11-02,44,48
1,p300008,2022-11-03,31,52
1,p300008,2022-11-04,28,41
1,p300008,2022-11-05,27,45
1,p300008,2022-11-06,27,27
1,p300008,2022-11-07,42,41
1,p300008,2022-11-08,57,54
1,p300008,2022-11-09,39,45
1,p300008,2022-11-10,60,25
1,p300008,2022-11-11,40,43
1,p300008,2022-11-12,21,60
1,p300008,2022-11-13,47,26
1,p300008,2022-11-14,48,33
1,p300008,2022-11-15,37,30
1,p300008,2022-11-16,52,22
1,p300008,2022-11-17,36,56
1,p300008,2022-11-18,55,59
1,p300008,2022-11-19,31,35
1,p300008,2022-11-20,58,22
1,p300008,2022-11-21,38,31
1,p300008,2022-11-22,48,41
1,p300008,2022-11-23,34,46
1,p300008,2022-11-24,44,48
1,p300008,2022-11-25,27,23
1,p300008,2022-11-26,32,21
1,p300008,2022-11-27,46,60
1,p300008,2022-11-28,29,47
1,p300008,2022-11-29,28,47
1,p300008,2022-11-30,39,41
1,p300009,2022-11-01,46,36
1,p300009,2022-11-02,43,53
1,p300009,2022-11-03,24,38
1,p300009,2022-11-04,54,26
1,p300009,2022-11-05,48,56
1,p300009,2022-11-06,29,42
1,p300009,2022-11-07,25,53
1,p300009,2022-11-08,39,57
1,p300009,2022-11-09,46,42
1,p300009,2022-11-10,29,40
1,p300009,2022-11-11,37,58
1,p300009,2022-11-12,54,35
1,p300009,2022-11-13,47,47
1,p300009,2022-11-14,36,40
1,p300009,2022-11-15,33,51
1,p300009,2022-11-16,26,29
1,p300009,2022-11-17,43,32
1,p300009,2022-11-18,34,24
1,p300009,2022-11-19,20,28
1,p300009,2022-11-20,35,56
1,p300009,2022-11-21,51,49
1,p300009,2022-11-22,44,59
1,p300009,2022-11-23,20,58
1,p300009,2022-11-24,38,52
1,p300009,2022-11-25,38,27
1,p300009,2022-11-26,27,38
1,p300009,2022-11-27,24,44
1,p300009,2022-11-28,41,47
1,p300009,2022-11-29,27,24
1,p300009,2022-11-30,35,29
2,p300001,2022-11-01,25,60
2,p300001,2022-11-02,30,49
2,p300001,2022-11-03,39,54
2,p300001,2022-11-04,22,40
2,p300001,2022-11-05,53,27
2,p300001,2022-11-06,23,44
2,p300001,2022-11-07,41,20
2,p300001,2022-11-08,58,25
2,p300001,2022-11-09,42,35
2,p300001,2022-11-10,47,21
2,p300001,2022-11-11,56,37
2,p300001,2022-11-12,60,41
2,p300001,2022-11-13,22,58
2,p300001,2022-11-14,26,21
2,p300001,2022-11-15,29,57
2,p300001,2022-11-16,25,28
2,p300001,2022-11-17,37,34
2,p300001,2022-11-18,54,52
2,p300001,2022-11-19,53,28
2,p300001,2022-11-20,60,37
2,p300001,2022-11-21,51,44
2,p300001,2022-11-22,57,58
2,p300001,2022-11-23,51,38
2,p300001,2022-11-24,46,60
2,p300001,2022-11-25,60,42
2,p300001,2022-11-26,45,44
2,p300001,2022-11-27,23,46
2,p300001,2022-11-28,55,31
2,p300001,2022-11-29,59,26
2,p300001,2022-11-30,47,46
2,p300002,2022-11-02,58,46
2,p300002,2022-11-03,28,26
2,p300002,2022-11-04,28,50
2,p300002,2022-11-05,36,54
2,p300002,2022-11-06,27,27
2,p300002,2022-11-07,34,42
2,p300002,2022-11-08,24,22
2,p300002,2022-11-09,56,53
2,p300002,2022-11-10,21,51
2,p300002,2022-11-11,31,32
2,p300002,2022-11-12,59,37
2,p300002,2022-11-13,23,50
2,p300002,2022-11-14,55,49
2,p300002,2022-11-15,20,43
2,p300002,2022-11-16,31,53
2,p300002,2022-11-17,53,21
2,p300002,2022-11-18,35,37
2,p300002,2022-11-19,58,52
2,p300002,2022-11-20,32,42
2,p300002,2022-11-21,37,52
2,p300002,2022-11-22,25,22
2,p300002,2022-11-23,58,49
2,p300002,2022-11-24,38,41
2,p300002,2022-11-25,21,54
2,p300002,2022-11-26,59,24
2,p300002,2022-11-27,47,49
2,p300002,2022-11-28,46,47
2,p300002,2022-11-29,21,29
2,p300002,2022-11-30,34,29
2,p300003,2022-11-01,26,27
2,p300003,2022-11-02,28,27
2,p300003,2022-11-03,23,24
2,p300003,2022-11-04,27,51
2,p300003,2022-11-05,31,40
2,p300003,2022-11-06,34,54
2,p300003,2022-11-07,25,59
2,p300003,2022-11-08,28,36
2,p300003,2022-11-09,38,46
2,p300003,2022-11-10,59,29
2,p300003,2022-11-11,36,37
2,p300003,2022-11-12,44,58
2,p300003,2022-11-13,31,60
2,p300003,2022-11-14,35,35
2,p300003,2022-11-15,20,43
2,p300003,2022-11-16,25,31
2,p300003,2022-11-17,28,39
2,p300003,2022-11-18,22,51
2,p300003,2022-11-19,26,59
2,p300003,2022-11-20,27,32
2,p300003,2022-11-21,32,27
2,p300003,2022-11-22,54,46
2,p300003,2022-11-23,23,44
2,p300003,2022-11-24,57,60
2,p300003,2022-11-25,48,31
2,p300003,2022-11-26,31,43
2,p300003,2022-11-27,26,59
2,p300003,2022-11-28,28,25
2,p300003,2022-11-29,39,43
2,p300003,2022-11-30,46,38
2,p300004,2022-11-01,41,33
2,p300004,2022-11-02,39,43
2,p300004,2022-11-03,59,53
2,p300004,2022-11-04,34,56
2,p300004,2022-11-05,52,34
2,p300004,2022-11-06,50,46
2,p300004,2022-11-07,49,60
2,p300004,2022-11-08,47,50
2,p300004,2022-11-09,26,41
2,p300004,2022-11-10,55,59
2,p300004,2022-11-11,44,53
2,p300004,2022-11-12,46,27
2,p300004,2022-11-13,21,24
2,p300004,2022-11-14,53,35
2,p300004,2022-11-15,48,46
2,p300004,2022-11-16,54,45
2,p300004,2022-11-17,21,57
2,p300004,2022-11-18,27,56
2,p300004,2022-11-19,50,21
2,p300004,2022-11-20,34,54
2,p300004,2022-11-21,55,23
2,p300004,2022-11-22,37,22
2,p300004,2022-11-23,42,26
2,p300004,2022-11-24,45,48
2,p300004,2022-11-25,20,39
2,p300004,2022-11-26,53,25
2,p300004,2022-11-27,27,37
2,p300004,2022-11-28,38,40
2,p300004,2022-11-29,47,56
2,p300004,2022-11-30,38,47
2,p300005,2022-11-01,45,26
2,p300005,2022-11-02,25,54
2,p300005,2022-11-03,54,56
2,p300005,2022-11-04,34,22
2,p300005,2022-11-05,36,50
2,p300005,2022-11-06,39,53
2,p300005,2022-11-07,27,49
2,p300005,2022-11-08,30,38
2,p300005,2022-11-09,25,24
2,p300005,2022-11-10,34,30
2,p300005,2022-11-11,24,34
2,p300005,2022-11-12,57,32
2,p300005,2022-11-13,24,45
2,p300005,2022-11-14,21,52
2,p300005,2022-11-15,33,58
2,p300005,2022-11-16,58,36
2,p300005,2022-11-17,32,38
2,p300005,2022-11-18,24,44
2,p300005,2022-11-19,45,60
2,p300005,2022-11-20,53,27
2,p300005,2022-11-21,26,50
2,p300005,2022-11-22,23,33
2,p300005,2022-11-23,28,45
2,p300005,2022-11-24,58,24
2,p300005,2022-11-25,31,24
2,p300005,2022-11-26,37,59
2,p300005,2022-11-27,33,33
2,p300005,2022-11-28,53,59
2,p300005,2022-11-29,37,31
2,p300005,2022-11-30,23,50
2,p300006,2022-11-01,42,46
2,p300006,2022-11-02,44,35
2,p300006,2022-11-03,26,58
2,p300006,2022-11-04,54,34
2,p300006,2022-11-05,54,52
2,p300006,2022-11-06,40,36
2,p300006,2022-11-07,47,21
2,p300006,2022-11-08,20,48
2,p300006,2022-11-09,49,28
2,p300006,2022-11-10,27,47
2,p300006,2022-11-11,43,45
2,p300006,2022-11-12,50,35
2,p300006,2022-11-13,57,56
2,p300006,2022-11-14,25,54
2,p300006,2022-11-15,47,38
2,p300006,2022-11-16,22,33
2,p300006,2022-11-17,25,27
2,p300006,2022-11-18,35,35
2,p300006,2022-11-19,24,35
2,p300006,2022-11-20,38,23
2,p300006,2022-11-21,54,53
2,p300006,2022-11-22,41,57
2,p300006,2022-11-23,21,25
2,p300006,2022-11-24,43,57
2,p300006,2022-11-25,37,29
2,p300006,2022-11-26,53,53
2,p300006,2022-11-27,22,24
2,p300006,2022-11-28,21,32
2,p300006,2022-11-29,28,43
2,p300006,2022-11-30,41,54
2,p300007,2022-11-01,35,47
2,p300007,2022-11-02,34,30
2,p300007,2022-11-03,24,55
2,p300007,2022-11-04,52,50
2,p300007,2022-11-05,40,24
2,p300007,2022-11-06,58,56
2,p300007,2022-11-07,54,41
2,p300007,2022-11-08,24,41
2,p300007,2022-11-09,24,60
2,p300007,2022-11-10,40,37
2,p300007,2022-11-11,27,50
2,p300007,2022-11-12,51,38
2,p300007,2022-11-13,55,32
2,p300007,2022-11-14,51,45
2,p300007,2022-11-15,45,50
2,p300007,2022-11-16,32,21
2,p300007,2022-11-17,51,27
2,p300007,2022-11-18,40,53
2,p300007,2022-11-19,60,22
2,p300007,2022-11-20,42,39
2,p300007,2022-11-21,22,54
2,p300007,2022-11-22,59,47
2,p300007,2022-11-23,41,45
2,p300007,2022-11-24,32,37
2,p300007,2022-11-25,45,22
2,p300007,2022-11-26,21,41
2,p300007,2022-11-27,43,49
2,p300007,2022-11-28,28,36
2,p300007,2022-11-29,33,31
2,p300007,2022-11-30,26,26
2,p300008,2022-11-01,32,27
2,p300008,2022-11-02,48,51
2,p300008,2022-11-03,59,38
2,p300008,2022-11-04,57,34
2,p300008,2022-11-05,22,39
2,p300008,2022-11-06,53,37
2,p300008,2022-11-07,52,47
2,p300008,2022-11-08,43,56
2,p300008,2022-11-09,39,27
2,p300008,2022-11-10,40,45
2,p300008,2022-11-11,46,26
2,p300008,2022-11-12,21,37
2,p300008,2022-11-13,55,40
2,p300008,2022-11-14,31,42
2,p300008,2022-11-15,23,50
2,p300008,2022-11-16,40,32
2,p300008,2022-11-17,33,38
2,p300008,2022-11-18,38,57
2,p300008,2022-11-19,34,58
2,p300008,2022-11-20,20,50
2,p300008,2022-11-21,53,23
2,p300008,2022-11-22,23,52
2,p300008,2022-11-23,55,35
2,p300008,2022-11-24,57,39
2,p300008,2022-11-25,39,33
2,p300008,2022-11-26,49,35
2,p300008,2022-11-27,56,34
2,p300008,2022-11-28,37,27
2,p300008,2022-11-29,35,20
2,p300008,2022-11-30,25,42
2,p300009,2022-11-01,42,31
2,p300009,2022-11-02,48,40
2,p300009,2022-11-03,31,29
2,p300009,2022-11-04,27,35
2,p300009,2022-11-05,36,56
2,p300009,2022-11-06,41,20
2,p300009,2022-11-07,49,36
2,p300009,2022-11-08,56,58
2,p300009,2022-11-09,34,58
2,p300009,2022-11-10,21,48
2,p300009,2022-11-11,38,42
2,p300009,2022-11-12,50,41
2,p300009,2022-11-13,35,48
2,p300009,2022-11-14,41,24
2,p300009,2022-11-15,29,42
2,p300009,2022-11-16,43,24
2,p300009,2022-11-17,38,47
2,p300009,2022-11-18,21,36
2,p300009,2022-11-19,39,39
2,p300009,2022-11-20,27,43
2,p300009,2022-11-21,53,34
2,p300009,2022-11-22,36,50
2,p300009,2022-11-23,51,35
2,p300009,2022-11-24,22,41
2,p300009,2022-11-25,24,45
2,p300009,2022-11-26,39,29
2,p300009,2022-11-27,27,40
2,p300009,2022-11-28,20,46
2,p300009,2022-11-29,55,56
2,p300009,2022-11-30,45,26
8,p300001,2022-11-01,40,39
8,p300001,2022-11-02,51,52
8,p300001,2022-11-03,48,28
8,p300001,2022-11-04,29,29
8,p300001,2022-11-05,48,38
8,p300001,2022-11-06,54,30
8,p300001,2022-11-07,55,37
8,p300001,2022-11-08,58,37
8,p300001,2022-11-09,45,46
8,p300001,2022-11-10,46,46
8,p300001,2022-11-11,34,20
8,p300001,2022-11-12,23,31
8,p300001,2022-11-13,54,47
8,p300001,2022-11-14,38,29
8,p300001,2022-11-15,44,56
8,p300001,2022-11-16,42,51
8,p300001,2022-11-17,52,45
8,p300001,2022-11-18,57,24
8,p300001,2022-11-19,33,32
8,p300001,2022-11-20,46,38
8,p300001,2022-11-21,32,42
8,p300001,2022-11-22,40,29
8,p300001,2022-11-23,29,47
8,p300001,2022-11-24,27,55
8,p300001,2022-11-25,37,36
8,p300001,2022-11-26,46,48
8,p300001,2022-11-27,42,47
8,p300001,2022-11-28,45,43
8,p300001,2022-11-29,35,34
8,p300001,2022-11-30,51,44
8,p300002,2022-11-02,21,41
8,p300002,2022-11-03,44,39
8,p300002,2022-11-04,22,33
8,p300002,2022-11-05,50,43
8,p300002,2022-11-06,53,46
8,p300002,2022-11-07,52,52
8,p300002,2022-11-08,27,25
8,p300002,2022-11-09,20,40
8,p300002,2022-11-10,25,46
8,p300002,2022-11-11,20,41
8,p300002,2022-11-12,30,44
8,p300002,2022-11-13,30,58
8,p300002,2022-11-14,53,53
8,p300002,2022-11-15,38,60
8,p300002,2022-11-16,40,40
8,p300002,2022-11-17,20,53
8,p300002,2022-11-18,50,55
8,p300002,2022-11-19,28,40
8,p300002,2022-11-20,24,32
8,p300002,2022-11-21,60,50
8,p300002,2022-11-22,39,24
8,p300002,2022-11-23,22,48
8,p300002,2022-11-24,48,24
8,p300002,2022-11-25,46,30
8,p300002,2022-11-26,49,45
8,p300002,2022-11-27,29,52
8,p300002,2022-11-28,27,55
8,p300002,2022-11-29,58,56
8,p300002,2022-11-30,52,41
8,p300003,2022-11-01,30,38
8,p300003,2022-11-02,36,23
8,p300003,2022-11-03,41,41
8,p300003,2022-11-04,27,49
8,p300003,2022-11-05,25,39
8,p300003,2022-11-06,28,34
8,p300003,2022-11-07,54,32
8,p300003,2022-11-08,23,58
8,p300003,2022-11-09,50,55
8,p300003,2022-11-10,51,33
8,p300003,2022-11-11,56,36
8,p300003,2022-11-12,53,41
8,p300003,2022-11-13,28,27
8,p300003,2022-11-14,23,44
8,p300003,2022-11-15,60,43
8,p300003,2022-11-16,57,23
8,p300003,2022-11-17,46,53
8,p300003,2022-11-18,47,58
8,p300003,2022-11-19,58,40
8,p300003,2022-11-20,57,50
8,p300003,2022-11-21,36,44
8,p300003,2022-11-22,29,38
8,p300003,2022-11-23,27,28
8,p300003,2022-11-24,47,49
8,p300003,2022-11-25,26,42
8,p300003,2022-11-26,20,23
8,p300003,2022-11-27,34,48
8,p300003,2022-11-28,27,20
8,p300003,2022-11-29,57,44
8,p300003,2022-11-30,57,57
8,p300004,2022-11-01,22,32
8,p300004,2022-11-02,26,51
8,p300004,2022-11-03,50,59
8,p300004,2022-11-04,31,40
8,p300004,2022-11-05,55,35
8,p300004,2022-11-06,36,20
8,p300004,2022-11-07,44,52
8,p300004,2022-11-08,28,22
8,p300004,2022-11-09,57,48
8,p300004,2022-11-10,52,51
8,p300004,2022-11-11,26,44
8,p300004,2022-11-12,43,26
8,p300004,2022-11-13,43,43
8,p300004,2022-11-14,48,53
8,p300004,2022-11-15,26,33
8,p300004,2022-11-16,54,49
8,p300004,2022-11-17,60,40
8,p300004,2022-11-18,34,53
8,p300004,2022-11-19,60,49
8,p300004,2022-11-20,22,57
8,p300004,2022-11-21,39,60
8,p300004,2022-11-22,38,53
8,p300004,2022-11-23,28,23
8,p300004,2022-11-24,28,47
8,p300004,2022-11-25,24,45
8,p300004,2022-11-26,38,24
8,p300004,2022-11-27,52,36
8,p300004,2022-11-28,40,60
8,p300004,2022-11-29,28,51
8,p300004,2022-11-30,32,21
8,p300005,2022-11-01,33,37
8,p300005,2022-11-02,54,42
8,p300005,2022-11-03,44,22
8,p300005,2022-11-04,50,49
8,p300005,2022-11-05,42,32
8,p300005,2022-11-06,34,53
8,p300005,2022-11-07,49,52
8,p300005,2022-11-08,30,23
8,p300005,2022-11-09,21,39
8,p300005,2022-11-10,44,47
8,p300005,2022-11-11,23,37
8,p300005,2022-11-12,58,20
8,p300005,2022-11-13,29,51
8,p300005,2022-11-14,43,41
8,p300005,2022-11-15,57,28
8,p300005,2022-11-16,24,57
8,p300005,2022-11-17,41,39
8,p300005,2022-11-18,22,51
8,p300005,2022-11-19,22,47
8,p300005,2022-11-20,28,56
8,p300005,2022-11-21,20,30
8,p300005,2022-11-22,57,57
8,p300005,2022-11-23,41,21
8,p300005,2022-11-24,55,25
8,p300005,2022-11-25,49,40
8,p300005,2022-11-26,58,31
8,p300005,2022-11-27,37,38
8,p300005,2022-11-28,26,22
8,p300005,2022-11-29,57,37
8,p300005,2022-11-30,48,24
8,p300006,2022-11-01,41,58
8,p300006,2022-11-02,48,40
8,p300006,2022-11-03,53,52
8,p300006,2022-11-04,50,32
8,p300006,2022-11-05,60,50
8,p300006,2022-11-06,52,44
8,p300006,2022-11-07,22,25
8,p300006,2022-11-08,25,52
8,p300006,2022-11-09,47,24
8,p300006,2022-11-10,38,54
8,p300006,2022-11-11,40,40
8,p300006,2022-11-12,50,54
8,p300006,2022-11-13,20,20
8,p300006,2022-11-14,53,52
8,p300006,2022-11-15,20,41
8,p300006,2022-11-16,51,60
8,p300006,2022-11-17,21,40
8,p300006,2022-11-18,20,49
8,p300006,2022-11-19,30,35
8,p300006,2022-11-20,54,50
8,p300006,2022-11-21,23,32
8,p300006,2022-11-22,52,20
8,p300006,2022-11-23,56,41
8,p300006,2022-11-24,39,50
8,p300006,2022-11-25,47,34
8,p300006,2022-11-26,59,32
8,p300006,2022-11-27,56,54
8,p300006,2022-11-28,33,35
8,p300006,2022-11-29,54,52
8,p300006,2022-11-30,31,54
8,p300007,2022-11-01,59,55
8,p300007,2022-11-02,26,21
8,p300007,2022-11-03,20,59
8,p300007,2022-11-04,34,37
8,p300007,2022-11-05,51,52
8,p300007,2022-11-06,33,26
8,p300007,2022-11-07,44,33
8,p300007,2022-11-08,30,20
8,p300007,2022-11-09,57,20
8,p300007,2022-11-10,32,58
8,p300007,2022-11-11,60,25
8,p300007,2022-11-12,40,53
8,p300007,2022-11-13,46,34
8,p300007,2022-11-14,36,30
8,p300007,2022-11-15,52,56
8,p300007,2022-11-16,60,51
8,p300007,2022-11-17,37,22
8,p300007,2022-11-18,44,57
8,p300007,2022-11-19,47,44
8,p300007,2022-11-20,56,55
8,p300007,2022-11-21,57,23
8,p300007,2022-11-22,57,27
8,p300007,2022-11-23,36,31
8,p300007,2022-11-24,60,48
8,p300007,2022-11-25,32,30
8,p300007,2022-11-26,49,35
8,p300007,2022-11-27,48,44
8,p300007,2022-11-28,27,40
8,p300007,2022-11-29,50,21
8,p300007,2022-11-30,42,30
8,p300008,2022-11-01,37,30
8,p300008,2022-11-02,56,26
8,p300008,2022-11-03,36,37
8,p300008,2022-11-04,44,39
8,p300008,2022-11-05,30,31
8,p300008,2022-11-06,35,60
8,p300008,2022-11-07,42,49
8,p300008,2022-11-08,53,50
8,p300008,2022-11-09,49,21
8,p300008,2022-11-10,52,51
8,p300008,2022-11-11,36,26
8,p300008,2022-11-12,21,31
8,p300008,2022-11-13,35,42
8,p300008,2022-11-14,48,57
8,p300008,2022-11-15,41,60
8,p300008,2022-11-16,53,47
8,p300008,2022-11-17,45,54
8,p300008,2022-11-18,32,49
8,p300008,2022-11-19,41,53
8,p300008,2022-11-20,41,53
8,p300008,2022-11-21,29,39
8,p300008,2022-11-22,27,31
8,p300008,2022-11-23,31,27
8,p300008,2022-11-24,52,25
8,p300008,2022-11-25,42,55
8,p300008,2022-11-26,46,51
8,p300008,2022-11-27,38,27
8,p300008,2022-11-28,27,30
8,p300008,2022-11-29,27,53
8,p300008,2022-11-30,32,50
8,p300009,2022-11-01,57,35
8,p300009,2022-11-02,49,58
8,p300009,2022-11-03,25,59
8,p300009,2022-11-04,43,34
8,p300009,2022-11-05,48,24
8,p300009,2022-11-06,58,30
8,p300009,2022-11-07,57,52
8,p300009,2022-11-08,55,40
8,p300009,2022-11-09,56,20
8,p300009,2022-11-10,21,51
8,p300009,2022-11-11,55,55
8,p300009,2022-11-12,49,56
8,p300009,2022-11-13,60,41
8,p300009,2022-11-14,45,60
8,p300009,2022-11-15,36,23
8,p300009,2022-11-16,41,27
8,p300009,2022-11-17,50,58
8,p300009,2022-11-18,55,25
8,p300009,2022-11-19,25,43
8,p300009,2022-11-20,40,35
8,p300009,2022-11-21,57,50
8,p300009,2022-11-22,55,25
8,p300009,2022-11-23,47,33
8,p300009,2022-11-24,51,52
8,p300009,2022-11-25,35,30
8,p300009,2022-11-26,41,25
8,p300009,2022-11-27,29,43
8,p300009,2022-11-28,36,59
8,p300009,2022-11-29,37,48
8,p300009,2022-11-30,32,46